Use IntelligenceWorldDB;

# countries
INSERT INTO Countries (Id, Name)
VALUES
    (1, 'Україна'),
    (2, 'Великобританія'),
    (3, 'Італія'),
    (4, 'США'),
    (5, 'Австралія'),
    (6, 'Мексика');

# access levels
INSERT INTO AccessLevels (Id, CountryId, Name, Description)
VALUES
    (1, 1, '1-ша форма', 'Доступ до "таємно", "цілком таємно" та "особливо важливо"'),
    (2, 1, '2-га форма', 'Доступ до "таємно" та "цілком таємно"'),
    (3, 1, '3-тя форма', 'Доступ до "таємно"'),
    (4, 4, 'Confidential', ''),
    (5, 4, 'Secret', ''),
    (6, 4, 'Top secret', ''),
    (7, 2, 'Official', ''),
    (8, 2, 'Secret', '');

# agencies
INSERT INTO Agencies (Id, Name, Headquarters, Description)
VALUES
    (1, 'СБУ', 'Київ', 'Основна розвідувальна агенція України'),
    (2, 'MI-6', 'Льондонь, Великобританія', '6 відділ військової агенції Великобританії'),
    (3, 'CIA', 'Вірджинія, США', 'Цивільна агенція з міжнародної розвідки'),
    (4, 'ASIS', 'Канберра, Австралія', 'Основна розвідувальна агенція України'),
    (5, 'CNI', '', 'Основна розвідувальна агенція Мексики');

# departments
INSERT INTO Departments (Id, AgencyId, Name)
VALUES
    (1, 1, 'СБУ Д1'),
    (2, 1, 'СБУ Д2'),
    (3, 2, 'MI-6 Д1'),
    (4, 3, 'CIA Д1'),
    (5, 3, 'CIA Д2'),
    (6, 3, 'CIA Д3'),
    (7, 4, 'ASIS Д1');

# operations
INSERT INTO Operations (Id, Name, Description, Status)
VALUES
    (1, 'Папір', 'Щось звʼязане з папером', 'Створена'),
    (2, 'Важіль', 'Проблема незаконного оволодіння деталями ракетних двигунів', 'Проводиться'),
    (3, 'Пригнічений транзистор', 'Отримання розробок чипівових архітектур противника ....', 'Створена'),
    (4, 'Падаюче сонце', 'Щось зовсім дивне', 'Невідомий'),
    (5, 'Німа опера', '', 'Планується'),
    (6, 'Криве пенсне', '', 'Виконано');

# workers
INSERT INTO AgencyWorkers (Id, FullName)
VALUES
    (1, 'Анастасія Горбачова'),
    (2, 'Олександр Ігнатьєв'),
    (3, 'Софія Мюллер'),
    (4, 'Емілі Джонсон'),
    (5, 'Ева Романова'),
    (6, 'Дмиторо Волков'),
    (7, 'Ілля Ковальський'),
    (8, 'Джон Мартінес'),
    (9, 'Джеймс Колтон'),
    (10, 'Емілія Сантос'),
    (11, 'Ізабелла Моретті'),
    (12, 'Бенджамін Флетчер'),
    (13, 'Меган Стівенс'),
    (14, 'Анна Санчес'),
    (15, 'Жан Леброн'),
    (16, 'Мік Партьє'),
    (17, 'Джек Мічел');

# department heads
INSERT INTO DepartmentHeads (Id, DepartmentId)
VALUES
    (1, 1),
    (3, 2),
    (5, 3),
    (7, 4),
    (9, 5);

# operation commanders
INSERT INTO OperationCommanders (Id, OperationId)
VALUES
    (1, 1),
    (2, 2),
    (10, 3),
    (11, 4),
    (15, 5);

# stationary workers
INSERT INTO StationaryWorkers (Id, DepartmentId)
VALUES
    (4, 1),
    (6, 2),
    (8, 4),
    (9, 5),
    (10, 4),
    (12, 3),
    (13, 3),
    (14, 4),
    (16, 7),
    (17, 3);

# agents
INSERT INTO Agents (Id)
VALUES
    (2),
    (4),
    (11),
    (12),
    (13),
    (15),
    (16),
    (17);

# cover entities
INSERT INTO CoverEntities (Id, FullName, Legend)
VALUES
    (1, 'Ханна Мартінез', 'Фотожурналістка з Мадрида.'),
    (2, 'Майкл Вільямс', 'Бізнесмен з Лондона, спеціалізується на міжнародних інвестиціях.'),
    (3, 'Себастьян Торрес', 'Відомий архітектор з Буенос-Айреса.'),
    (4, 'Макс Хофман', 'Учений-експерт з Відня.'),
    (5, 'Люсія Маркез', 'Відома художниця з Парижа.'),
    (6, 'Алекс Рейнольдс', 'Власник інноваційної технологічної компанії з Сан-Франциско.'),
    (7, 'Ізабель Морено', 'Автор бестселерів з Ріо-де-Жанейро.');

# stationary workers in operations
INSERT INTO StationaryWorkersToOperations (StationaryWorkerId, OperationId, AccessLevelId)
VALUES
    (4, 1, 1),
    (6, 4, 1),
    (6, 5, 2),
    (6, 6, 4),
    (8, 2, 4),
    (8, 3, 4),
    (8, 5, 2),
    (10, 1, 2),
    (10, 2, 2),
    (10, 3, 7),
    (10, 5, 7);

# agents' activity
INSERT INTO AgentIntelligenceActivities (CoverEntityId, OperationId, AgentId, Description)
VALUES
    (1, 1, 4, ''),
    (1, 1, 2, ''),
    (5, 1, 11, ''),
    (5, 2, 11, ''),
    (1, 3, 11, ''),
    (2, 2, 12, ''),
    (2, 3, 12, ''),
    (3, 6, 12, ''),
    (4, 5, 15, ''),
    (4, 6, 15, ''),
    (4, 5, 16, ''),
    (5, 6, 16, '');

# conduction of operations
INSERT INTO OperationConduction (CountryId, OperationId, AgencyId)
VALUES
    (1, 1, 1),
    (2, 1, 1),
    (2, 1, 2),
    (4, 2, 3),
    (4, 3, 3),
    (4, 3, 4),
    (2, 3, 2),
    (4, 3, 2),
    (5, 4, 4),
    (5, 5, 4),
    (4, 5, 4);